Source,Quantité à produire
DC2601.43632 FP / [1084536] Ensemble jaumière R65/S66  comprenant : / MO/102219 / [RT60 - 392] Tube jaumière alu Ø 60x2 lg: 392mm,4
DC2601.43720 FP / [1084536] Ensemble jaumière R65/S66  comprenant : / MO/102596 / [RT60 - 392] Tube jaumière alu Ø 60x2 lg: 392mm,6
DC2601.43730 FP / [1034074] Ensemble jaumière VICTORIA / L86 comprenant : / MO/102643 / [RT80 - 320] Tube jaumière alu Ø 80x2 lg: 320mm,2
DC2601.43735 OUTREMER 57 / [27519] Ensemble jaumière OUTREMER57 comprenant : / MO/102908 / [RT80 - 431] Tube jaumière alu Ø 80x2 lg: 431mm,2
DC2602.43854 OUTREMER 48 # 03 + 04  (JAUMIERES) / [XX33328] Ensemble jaumière OUTREMER48 comprenant : / MO/103456 / [RT90 - 401] Tube jaumière alu Ø 90x3 lg: 401mm,4
DC2510.42995 RM1380BS #11 / [XX20682] Barre de liaison alu Ø 35x2 lg 917mm + 2 embouts alu + 2 rotules BEMI10 (D/G) Entraxe rotule:1033mm RM1380 BS / MO/99191 / [ALB35 x 2 - 917] Tube Aluminium pour barre de liaison Ø 35x2 lg: 917mm,2
DC2510.42975 VEYA 3 / [XX34292] Tube jaumière 290mm MY7 comprenant : / MO/99487 / [RT80 - 241] Tube jaumière alu Ø 80x2 lg: 241mm,2
DC2512.43490 P36 N°126 À 130 / [XX8745] Barre de liaison alu Ø 40x2 lg 2044mm + 2 embouts alu +2 tiges filetées + 2 rotules BEFI10 (D/G) POGO36 / MO/101575 / [ALB40 x 2 - 2044] Tube Aluminium pour barre de liaison Ø 40x2 lg: 2044mm,5
DC2512.43493 BA5SA / [5000160] Barre de liaison Ø 50x2 (2x2442mm) + manchon à ajuster et assembler + embouts + BEMI12 (D/G) -  BALI 5.2 (BA5SA) / MO/101593 / [ALB50 x 2 - 2442] Tube Aluminium pour barre de liaison Ø 50x2 lg: 2442mm,8
DC2512.43447 OQS 62 - 02 / [XX35430] Barre de liaison alu Ø 40x2 lg 1549mm + 2 embouts alu anodisés noirs+ 2 rotules BEMI12 (G/D) - pour fausse mèche/chariot OQS62 / MO/102022 / [ALB40 x 2 - 1549] Tube Aluminium pour barre de liaison Ø 40x2 lg: 1549mm,2
DC2512.43447 OQS 62 - 02 / [XX35431] Barre de liaison alu Ø 40x2 lg 1240mm + 2 embouts alu anodisés noirs + 2 rotules BEMI12 (G/D) - pour safran/fausse mèche OQS62 / MO/102027 / [ALB40 x 2 - 1240] Tube Aluminium pour barre de liaison Ø 40x2 lg: 1240mm,2
DC2601.43742 BA5XA / [5000015] Tube de jaumière BA5XA comprenant: / MO/102738 / [RT80 - 643] Tube jaumière alu Ø 80x2 lg: 643 mm,2
DC2512.43490 P36 N°126 À 130 / [RT60 - 272] Tube jaumière alu Ø 60x2 lg: 272mm,10
DC2511.43275 Q64 / [1080376 ind A] Ensemble jaumière Q64 comprenant : / MO/100580 / [RT100 - 364] Tube jaumière alu Ø 100x2 lg: 364mm,2
DC2601.43793 FP / [1084536] Ensemble jaumière R65/S66  comprenant : / MO/103201 / [RT60 - 392] Tube jaumière alu Ø 60x2 lg: 392mm,6
DC2601.43793 FP / [1074583 - Ind A] Jaumière complète Ø60 P63 comprenant: / MO/103203 / [RT60 - 335] Tube jaumière alu Ø 60x2 lg: 335mm,2
DC2602.43823 FP / [1084536] Ensemble jaumière R65/S66  comprenant : / MO/103331 / [RT60 - 392] Tube jaumière alu Ø 60x2 lg: 392mm,2
DC2602.43868 FP / [1034074] Ensemble jaumière VICTORIA / L86 comprenant : / MO/103578 / [RT80 - 320] Tube jaumière alu Ø 80x2 lg: 320mm,1
DC2512.43421 NAUTITECH / [18093] Ensemble jaumière N48  comprenant : / MO/101268 / [RT60 - 361] Tube jaumière alu Ø 60x2 lg: 361mm,2
DC2601.43593 PHL V2 / [5021184] Ensemble jaumière PHO/PHL (BALI 4.0/4.2) comprenant : / MO/102094 / [RT60 - 779] Tube jaumière alu Ø 60x2 lg: 779mm,4
DC2601.43696 BA5SA / [5000160] Barre de liaison Ø 50x2 (2x2442mm) + manchon à ajuster et assembler + embouts + BEMI12 (D/G) -  BALI 5.2 (BA5SA) / MO/102503 / [ALB50 x 2 - 2442] Tube Aluminium pour barre de liaison Ø 50x2 lg: 2442mm,12
DC2602.43820 BA5XA / [5000015] Tube de jaumière BA5XA comprenant: / MO/103315 / [RT80 - 643] Tube jaumière alu Ø 80x2 lg: 643 mm,3
DC2512.43541 Cigale 15 / [RT110 - 339] Tube de jaumière alu Ø110x5 lg: 339mm,2
DC2512.43512 CNB / [B8483V- Ind C] Ensemble jaumière L6MA SY comprenant : / MO/101664 / [RT90 - 396] Tube jaumière alu Ø 90x3 lg: 396 mm,2
DC2512.43515 CNB / [C3176J - Ind A] Ensemble jaumière L5MA SY comprenant : / MO/101680 / [RT80 - 375] Tube jaumière alu Ø 80x2 lg: 375mm,5
DC2601.43780 POGO RC n°08 / [XX33834 ind A] Tirant de mèche Ø30 comprenant : / MO/103036 / [ALB30 x 2 - 402 (N)] Tube aluminium anodisé noir pour barre de liaison Ø 30x2 lg: 402mm,2
DC2601.43780 POGO RC n°08 / [XX25039] Barre de liaison alu Ø 35x2 lg 1030mm + 2 embouts alu +2 tiges filetées + 2 rotules BEFI10 (D/G) POGO RC / MO/103038 / [ALB35 x 2 - 1030] Tube Aluminium pour barre de liaison Ø 35x2 lg: 1030mm,2
DC2601.43803 CNB / [B4921N] Ensemble jaumière L6MA MY comprenant : / MO/103238 / [RT70 - 450] Tube jaumière alu Ø 70x2 lg: 450mm,2
DC2602.43850 CATANA / [5000026] Ensemble jaumière BALI CS V2  comprenant : / MO/103436 / [RT60 - 822] Tube jaumière alu Ø 60x2 lg: 822mm,2
DC2602.43850 CATANA / [5022824] Barre de liaison alu Ø 50x2 lg 4500 mm percée aux extrémitées BALI CS / MO/103437 / [ALB50 x 2 - 4500] Tube Aluminium pour barre de liaison Ø 50x2 lg: 4500mm,2
DC2602.43850 CATANA / [5021184] Ensemble jaumière PHO/PHL (BALI 4.0/4.2) comprenant : / MO/103438 / [RT60 - 779] Tube jaumière alu Ø 60x2 lg: 779mm,6
DC2510.42997 RM1380BS #12 / [XX20682] Barre de liaison alu Ø 35x2 lg 917mm + 2 embouts alu + 2 rotules BEMI10 (D/G) Entraxe rotule:1033mm RM1380 BS / MO/99229 / [ALB35 x 2 - 917] Tube Aluminium pour barre de liaison Ø 35x2 lg: 917mm,2
DC2512.43570 L5MA / [C3176J - Ind A] Ensemble jaumière L5MA SY comprenant : / MO/101865 / [RT80 - 375] Tube jaumière alu Ø 80x2 lg: 375mm,4
